,doc_1.txt,doc_3.txt,doc_4.txt,doc_5.txt,doc_9.txt
doc_1.txt,1.0,0.01054591068821871,0.009738323512556294,0.15961541783584798,0.06600608388782278
doc_3.txt,0.01054591068821871,1.0000000000000007,0.05885886493189643,0.03323728515507937,0.01486275406709976
doc_4.txt,0.009738323512556294,0.05885886493189643,0.9999999999999998,0.023166417233967104,0.03597151853203491
doc_5.txt,0.15961541783584798,0.03323728515507937,0.023166417233967104,1.0000000000000004,0.060509291117554674
doc_9.txt,0.06600608388782278,0.01486275406709976,0.03597151853203491,0.060509291117554674,1.0000000000000007
